"Name","State","Notes","User","Tags","Created","Runtime","Sweep","action_0","action_1","action_2","action_3","action_4","action_5","action_6","action_7","action_8","force_stride","istart","istop","lambda_e","method","metric.goal","metric.name","parameters.action_0.distribution","parameters.action_0.max","parameters.action_0.min","parameters.action_1.distribution","parameters.action_1.max","parameters.action_1.min","parameters.action_2.distribution","parameters.action_2.max","parameters.action_2.min","parameters.action_3.distribution","parameters.action_3.max","parameters.action_3.min","parameters.action_4.distribution","parameters.action_4.max","parameters.action_4.min","parameters.action_5.distribution","parameters.action_5.max","parameters.action_5.min","parameters.action_6.distribution","parameters.action_6.max","parameters.action_6.min","parameters.action_7.distribution","parameters.action_7.max","parameters.action_7.min","parameters.action_8.distribution","parameters.action_8.max","parameters.action_8.min","parameters.force_stride.distribution","parameters.force_stride","parameters.istart.distribution","parameters.istart","parameters.istop.distribution","parameters.istop","parameters.lambda_e.distribution","parameters.lambda_e","parameters.sigma.distribution","parameters.sigma.max","parameters.sigma.min","parameters.snap_stride.distribution","parameters.snap_stride","parameters.target_k.distribution","parameters.target_k","parameters.w_energy.distribution","parameters.w_energy","parameters.w_full_mean.distribution","parameters.w_full_mean","parameters.w_min_dist.distribution","parameters.w_min_dist","program","project","sigma","snap_stride","target_k","w_energy","w_full_mean","w_min_dist","composed_loss","loss_energy","loss_full_mean","loss_min_dist","mean_b_sq","mean_latent_dist","min_latent_dist"
"wandering-sweep-64","finished","-","","","2026-06-22T05:59:56.000Z","6211","9bgmwe8q","0.0003522765431025188","0.022372753433169967","0.06533554964665278","0.0317872502611905","0.07217713332826357","0.03433400547569634","0.031691448228995826","0.050674916363536965","0.03126085840848793","10","80000","100000","150","","","","","","","","","","","","","","","","","","","","","","","","","","","","","","","","","","","","","","","","","","","","","","","","","","","","","","0.295688206167503","50","6","0.2","0.2","0.6","0.5593227191060735","0.02548859668671624","0.38108117461204527","0.152752947807312","0.000849619889557208","1.9054058730602264","0.25458824634552"
"charmed-sweep-49","finished","-","","","2026-06-21T13:55:29.000Z","4992","9bgmwe8q","0.0014705580565625744","0.02445818536544425","0.01794314252720385","0.0996529863599806","0.0845815696684127","0.031507197531086564","0.04662605271579811","0.05707756180017089","0.08272049983193741","10","80000","100000","150","","","","","","","","","","","","","","","","","","","","","","","","","","","","","","","","","","","","","","","","","","","","","","","","","","","","","","0.4525888769518207","50","6","0.2","0.2","0.6","0.5760917151224478","0.04290592468051743","0.40956972386688","0.12361606657505037","0.0014301974893505811","2.0478486193344","0.20602677762508392"
"quiet-sweep-35","finished","-","","","2026-06-20T21:20:26.000Z","3716","9bgmwe8q","0.005150902649758808","0.011094883590227212","0.03317772437532331","0.04293927353832538","0.0954086957218574","0.027005676059630203","0.04860826974984242","0.06960535096777913","0.00645672737312738","10","80000","100000","150","","","","","","","","","","","","","","","","","","","","","","","","","","","","","","","","","","","","","","","","","","","","","","","","","","","","","","0.3279951345332974","50","6","0.2","0.2","0.6","0.5773434300562331","0.04125666952784748","0.39170693612843754","0.14437982439994812","0.0013752223175949158","1.9585346806421875","0.2406330406665802"
"mild-sweep-66","finished","-","","","2026-06-22T08:59:58.000Z","4431","9bgmwe8q","0.002851306054673444","0.024309095156021258","0.03154939625316468","0.09061728710371111","0.07967668565085226","0.02079594609151389","0.05703188130837231","0.0666391153828981","0.007454663187099875","10","80000","100000","150","","","","","","","","","","","","","","","","","","","","","","","","","","","","","","","","","","","","","","","","","","","","","","","","","","","","","","0.2919975182024105","50","6","0.2","0.2","0.6","0.608434387803752","0.058220040180463416","0.4335268382057548","0.11668750941753386","0.0019406680060154472","2.1676341910287737","0.19447918236255649"
"iconic-sweep-76","finished","-","","","2026-06-22T20:55:25.000Z","3873","9bgmwe8q","0.00013109669526579327","0.04840102633286271","0.033038107128236696","0.08022840272453838","0.018905669560443317","0.05448792700001606","0.0225533984996122","0.04569341585232621","0.03026140597457626","10","80000","100000","150","","","","","","","","","","","","","","","","","","","","","","","","","","","","","","","","","","","","","","","","","","","","","","","","","","","","","","0.25895172194024185","50","6","0.2","0.2","0.6","0.6137665391919084","0.02635375829607913","0.3990466598421336","0.18836612105369568","0.0008784586098693044","1.9952332992106676","0.3139435350894928"
"generous-sweep-65","finished","-","","","2026-06-22T07:43:32.000Z","4583","9bgmwe8q","0.0011147241162204136","0.0007347796887049119","0.0914187914884379","0.07249105168010982","0.08533978048919816","0.04675835497647745","0.04641289020207948","0.05585104032447063","0.024221912861665043","10","80000","100000","150","","","","","","","","","","","","","","","","","","","","","","","","","","","","","","","","","","","","","","","","","","","","","","","","","","","","","","0.2949355917893509","50","6","0.2","0.2","0.6","0.6299519326957511","0.06160330225998637","0.4198817900493741","0.14846684038639069","0.0020534434086662123","2.0994089502468705","0.2474447339773178"
"happy-sweep-32","finished","-","","","2026-06-20T18:04:55.000Z","4308","9bgmwe8q","0.002867066798535842","0.005359382838067795","0.03663003011335674","0.09355585820822997","0.09225864616713143","0.0283144459221266","0.07016552867136937","0.04776460203653119","0.015343124912352424","10","80000","100000","150","","","","","","","","","","","","","","","","","","","","","","","","","","","","","","","","","","","","","","","","","","","","","","","","","","","","","","0.30094917470351523","50","6","0.2","0.2","0.6","0.6354183329669132","0.07665444844489236","0.4284635206237436","0.1303003638982773","0.002555148281496412","2.142317603118718","0.21716727316379547"
"worthy-sweep-43","finished","-","","","2026-06-21T05:47:40.000Z","4728","9bgmwe8q","0.0016716386985703546","0.01379038626660224","0.02082337430935374","0.07459362117046163","0.03186778827675437","0.019182991758910375","0.04908735342533565","0.0318559293271321","0.03927360761330321","10","80000","100000","150","","","","","","","","","","","","","","","","","","","","","","","","","","","","","","","","","","","","","","","","","","","","","","","","","","","","","","0.26544343901975254","50","6","0.2","0.2","0.6","0.6566964472211211","0.03095279788740567","0.4045471647679806","0.22119648456573485","0.001031759929580189","2.022735823839903","0.3686608076095581"
"apricot-sweep-24","finished","-","","","2026-06-20T07:37:04.000Z","4673","9bgmwe8q","0.0030234098883048332","0.0005446564803785914","0.02452006384133756","0.07072619353864018","0.06394733708661052","0.01651397122462611","0.05280957800504979","0.02929013036523446","0.088947922923148","10","80000","100000","150","","","","","","","","","","","","","","","","","","","","","","","","","","","","","","","","","","","","","","","","","","","","","","","","","","","","","","0.35216645876143715","50","6","0.2","0.2","0.6","0.6760366369070496","0.035994923877903366","0.3930852215588093","0.2469564914703369","0.0011998307959301122","1.9654261077940465","0.4115941524505615"
"fiery-sweep-73","finished","-","","","2026-06-22T17:44:08.000Z","3840","9bgmwe8q","0.00003946265516079572","0.041112381705372895","0.09732009180352044","0.00563293263851401","0.056133415663654665","0.02628825366302441","0.05379907724580514","0.06670181701755827","0.06927624345084284","10","80000","100000","150","","","","","","","","","","","","","","","","","","","","","","","","","","","","","","","","","","","","","","","","","","","","","","","","","","","","","","0.33585066587956636","50","6","0.2","0.2","0.6","0.6781118428014561","0.05791027004051647","0.4138919561952353","0.20630961656570437","0.0019303423346838824","2.0694597809761763","0.3438493609428406"